-- phpMyAdmin SQL Dump
-- version 5.1.3
-- https://www.phpmyadmin.net/
--
-- Εξυπηρετητής: localhost:3306
-- Χρόνος δημιουργίας: 22 Μάη 2022 στις 19:51:56
-- Έκδοση διακομιστή: 10.3.34-MariaDB-cll-lve
-- Έκδοση PHP: 7.4.28

SET SQL_MODE = "NO_AUTO_VALUE_ON_ZERO";
START TRANSACTION;
SET time_zone = "+00:00";


/*!40101 SET @OLD_CHARACTER_SET_CLIENT=@@CHARACTER_SET_CLIENT */;
/*!40101 SET @OLD_CHARACTER_SET_RESULTS=@@CHARACTER_SET_RESULTS */;
/*!40101 SET @OLD_COLLATION_CONNECTION=@@COLLATION_CONNECTION */;
/*!40101 SET NAMES utf8mb4 */;

--
-- Βάση δεδομένων: `quotes_php_mvc`
--

-- --------------------------------------------------------

--
-- Δομή πίνακα για τον πίνακα `author`
--

CREATE TABLE `author` (
  `id` int(11) NOT NULL,
  `name` tinytext NOT NULL,
  `keyword` tinytext NOT NULL,
  `role` tinytext NOT NULL
) ENGINE=InnoDB DEFAULT CHARSET=utf8mb4;

--
-- Άδειασμα δεδομένων του πίνακα `author`
--

INSERT INTO `author` (`id`, `name`, `keyword`, `role`) VALUES
(1, 'Γούντι Άλεν', 'Woody Allen', 'Αμερικανός σκηνοθέτης και σεναριογράφος'),
(2, 'Στάνλεϊ Κιούμπρικ', 'Stanley Kubrick', 'Αμερικανός σκηνοθέτης'),
(3, 'Βασίλης Ραφαηλίδης', 'Βασίλης Ραφαηλίδης', 'Έλληνας δημοσιογράφος και συγγραφέας'),
(4, 'Μίμης Πλέσσας', 'Μίμης Πλέσσας', 'Έλληνας συνθέτης'),
(5, 'Ιμανουελ Καντ', 'Immanuel Kant', 'Γερμανός φιλόσοφος'),
(6, 'Μπέρτραντ Ράσελ', 'Bertrand Russell', 'Άγγλος φιλόσοφος και μαθηματικός'),
(7, 'Άρθουρ Μίλλερ', 'Arthur Miller', 'Αμερικανός συγγραφέας'),
(8, 'Πάμπλο Πικάσο', 'Pablo Picasso', 'Ισπανός ζωγράφος'),
(9, 'Τζορτζ Έλιοτ', 'George Eliot', 'Αγγλίδα συγγραφέας'),
(10, 'Όσκαρ Ουάιλντ', 'Oscar Wilde', 'Ιρλανδός συγγραφέας'),
(11, 'Μίλτον Φρίντμαν', 'Milton Friedman', 'Αμερικανός οικονομολόγος'),
(12, 'Γουίνστον Τσώρτσιλ', 'Winston Churchill', 'Βρετανός πρωθυπουργός'),
(13, 'Άλμπερτ Αϊνστάιν', 'einstein', 'Γερμανοεβραίος φυσικός'),
(18, 'Επίκουρος', 'epikouros', 'Αρχαίος Έλληνας φιλόσοφος'),
(19, 'Κομφούκιος', 'komfoukios', 'Κινέζος φιλόσοφος'),
(20, 'Πλάτωνας', 'platonas', 'Αρχαίος Έλληνας φιλόσοφος'),
(21, 'Βούδας', 'voudas', 'Ιδρυτής του Βουδισμού'),
(22, 'Φρήντριχ Νίτσε', 'nitse', 'Γερμανός φιλόσοφος'),
(23, 'Καρλ Μαρξ', 'Karl Marx', 'Γερμανός φιλόσοφος'),
(24, 'Βολταίρος', 'voltairos', 'Γάλλος φιλόσοφος και συγγραφέας'),
(25, 'Βίκτωρ Ουγκώ', 'ougo', 'Γάλλος συγγραφέας'),
(26, 'Όττο Φον Μπίσμαρκ', 'bismarck', 'Γερμανός καγκελάριος'),
(27, 'Μάρτιν Φάουλερ', 'martin_fowler', 'Βρετανός προγραμματιστής λογισμικού');

-- --------------------------------------------------------

--
-- Δομή πίνακα για τον πίνακα `quotes`
--

CREATE TABLE `quotes` (
  `id` int(11) NOT NULL,
  `body` text NOT NULL,
  `author_id` int(11) NOT NULL,
  `author_name` tinytext NOT NULL,
  `author_role` tinytext NOT NULL,
  `create_date` datetime NOT NULL DEFAULT current_timestamp()
) ENGINE=InnoDB DEFAULT CHARSET=utf8mb4;

--
-- Άδειασμα δεδομένων του πίνακα `quotes`
--

INSERT INTO `quotes` (`id`, `body`, `author_id`, `author_name`, `author_role`, `create_date`) VALUES
(1, 'Δεν φοβάμαι τον θάνατο, απλώς δεν θέλω να είμαι εκεί όταν αυτό συμβεί.                               ', 1, 'Γούντι Άλεν', 'Αμερικανός σκηνοθέτης και σεναριογράφος', '2021-09-13 00:00:00'),
(2, 'Όταν μια γυναίκα είναι τίμια, την εκτιμούν και δεν την πλησιάζουν. Όταν δεν είναι τίμια, την πλησιάζουν αλλά δεν την εκτιμούν.', 5, 'Ιμανουελ Καντ', 'Γερμανός φιλόσοφος', '2021-09-18 20:20:28'),
(3, 'Αν αναλάβει το κράτος την έρημο Σαχάρα, σε πέντε χρόνια θα υπάρχει έλλειψη άμμου.                        ', 11, 'Μίλτον Φρίντμαν', 'Αμερικανός οικονομολόγος', '2021-09-18 20:21:04'),
(4, 'Είμαι αισιόδοξος. Δεν φαίνεται να έχει καμιά χρησιμότητα να είμαι οτιδήποτε άλλο.        ', 12, 'Γουίνστον Τσώρτσιλ', 'Βρετανός πρωθυπουργός', '2021-09-18 20:21:46'),
(5, 'Οι άντρες παντρεύονται από κούραση, οι γυναίκες από περιέργεια. Και οι δύο απογοητεύονται.                                  ', 10, 'Όσκαρ Ουάιλντ', 'Ιρλανδός συγγραφέας', '2021-09-18 20:22:19'),
(6, 'Η προοπτική να βγάλεις πολλά λεφτά χωρίς να δουλέψεις είναι πολύ ελκυστική.                         ', 7, 'Άρθουρ Μίλλερ', 'Αμερικανός συγγραφέας', '2021-09-18 20:22:50'),
(7, 'Τα μεγάλα κράτη πάντα έχουν φερθεί σαν γκάνγκστερς, και τα μικρά σαν πόρνες.                                ', 2, 'Στάνλεϊ Κιούμπρικ', 'Αμερικανός σκηνοθέτης', '2021-09-18 20:23:59'),
(8, 'Αν θες να ζήσεις μια ευτυχισμένη ζωή, εξάρτησε την από ένα στόχο, όχι από ανθρώπους ή αντικείμενα.                                ', 13, 'Άλμπερτ Αϊνστάιν', 'Γερμανοεβραίος φυσικός', '2021-09-18 20:27:37'),
(23, 'Όχι μόνο δεν υπάρχει Θεός, αλλά για προσπάθησε να βρεις υδραυλικό την Κυριακή.        ', 1, 'Γούντι Άλεν', 'Αμερικανός σκηνοθέτης και σεναριογράφος', '2021-09-23 12:28:48'),
(24, 'Είμαι πολύ υπερήφανος για το χρυσό μου ρολόι τσέπης. Ο παππούς μου στο κρεββάτι του λίγο πριν πεθάνει μου πούλησε αυτό το ρολόι.        ', 1, 'Γούντι Άλεν', 'Αμερικανός σκηνοθέτης και σεναριογράφος', '2021-09-23 12:29:17'),
(25, 'Δεν έμαθα ποτέ τίποτα στο σχολείο και δεν διάβασα ούτε ένα βιβλίο για ευχαρίστηση μέχρι να γίνω 19 χρονών.        ', 2, 'Στάνλεϊ Κιούμπρικ', 'Αμερικανός σκηνοθέτης', '2021-09-23 12:29:43'),
(26, 'Ζούμε μόνιμα κάτω από την αφανή δικτατορία των ηλιθίων, περιμένοντας μάταια έναν ελευθερωτή τύπου Ζαρατούστρα.        ', 3, 'Βασίλης Ραφαηλίδης', 'Έλληνας δημοσιογράφος και συγγραφέας', '2021-09-23 12:30:09'),
(27, 'Η μουσική είναι η μόνη από τις τέχνες που δεν χρειάζεται τη νόηση για να γίνει δεκτή και κατανοητή.        ', 4, 'Μίμης Πλέσσας', 'Έλληνας συνθέτης', '2021-09-23 12:30:45'),
(28, 'Αντιπαθώ τον κουμμουνισμό, γιατί είναι αντιδημοκρατικός και αντιπαθώ επίσης τον καπιταλισμό, γιατί ενθαρρύνει την εκμετάλλευση.        ', 6, 'Μπέρτραντ Ράσελ', 'Άγγλος φιλόσοφος και μαθηματικός', '2021-09-23 12:31:50'),
(29, 'Οι υπολογιστές είναι άχρηστοι. Μπορούν μόνο να σου δώσουν απαντήσεις.        ', 8, 'Πάμπλο Πικάσο', 'Ισπανός ζωγράφος', '2021-09-23 12:32:12'),
(30, 'Οι ευτυχισμένες γυναίκες είναι όπως τα ευτυχισμένα έθνη. Δεν έχουν ιστορία.        ', 9, 'Τζορτζ Έλιοτ', 'Αγγλίδα συγγραφέας', '2021-09-23 12:33:24'),
(32, 'Μη σε απασχολεί τι τρως και πίνεις, αλλά με ποιους τρως και πίνεις.        ', 18, 'Επίκουρος', 'Αρχαίος Έλληνας φιλόσοφος', '2021-10-06 15:15:59'),
(33, 'Η ευτυχία βρίσκεται μέσα σε όλα τα πράγματα. Φτάνει να ξέρεις πώς να την βγάλεις.', 19, 'Κομφούκιος', 'Κινέζος φιλόσοφος', '2021-10-06 15:21:03'),
(34, 'Υπάρχουν τρία είδη ανθρώπων: Οι εραστές της σοφίας, οι εραστές της τιμής, οι εραστές του κέρδους.', 20, 'Πλάτωνας', 'Αρχαίος Έλληνας φιλόσοφος', '2021-10-06 15:24:05'),
(35, 'Το να κρατάς θυμό είναι σαν να κρατάς ένα αναμμένο κάρβουνο με την πρόθεση να το εκσφενδονίσεις σε κάποιον. Εσύ είσαι αυτός που καίγεται.', 21, 'Βούδας', 'Ιδρυτής του Βουδισμού', '2021-10-06 15:28:09'),
(36, 'Ό,τι δεν με σκοτώνει με κάνει πιο δυνατό.       ', 22, 'Φρήντριχ Νίτσε', 'Γερμανός φιλόσοφος', '2021-10-06 15:39:24'),
(37, 'Η φαντασία είναι πιο σημαντική από τη γνώση.        ', 13, 'Άλμπερτ Αϊνστάιν', 'Γερμανοεβραίος φυσικός', '2021-10-06 15:41:30'),
(38, 'Η θρησκεία είναι το όπιο του λαού.', 23, 'Καρλ Μαρξ', 'Γερμανός φιλόσοφος', '2021-10-06 15:44:57'),
(39, 'Διαφωνώ με ό,τι λες, αλλά θα υπερασπιστώ μέχρι θανάτου το δικαίωμά σου να το λες.', 24, 'Βολταίρος', 'Γάλλος φιλόσοφος και συγγραφέας', '2021-10-06 15:47:40'),
(40, 'Εκεί που ανοίγει ένα σχολείο, κλείνει μια φυλακή.        ', 25, 'Βίκτωρ Ουγκώ', 'Γάλλος συγγραφέας', '2021-10-06 15:49:37'),
(41, 'Οι άνθρωποι ποτέ δεν λένε τόσα ψέματα, όσα μετά το κυνήγι, στη διάρκεια του πολέμου και πριν τις εκλογές.', 26, 'Όττο Φον Μπίσμαρκ', 'Γερμανός καγκελάριος', '2021-10-06 15:53:39'),
(42, 'Ο καθένας μπορεί να γράψει κώδικα που καταλαβαίνουν οι υπολογιστές. Ο καλός προγραμματιστής γράφει κώδικα που μπορούν να τον καταλάβουν οι άνθρωποι.', 27, 'Μάρτιν Φάουλερ', 'Βρετανός προγραμματιστής λογισμικού', '2021-10-22 00:48:22');

-- --------------------------------------------------------

--
-- Δομή πίνακα για τον πίνακα `quote_tag`
--

CREATE TABLE `quote_tag` (
  `quote_id` int(11) NOT NULL,
  `tag_id` int(11) NOT NULL
) ENGINE=InnoDB DEFAULT CHARSET=utf8mb4;

--
-- Άδειασμα δεδομένων του πίνακα `quote_tag`
--

INSERT INTO `quote_tag` (`quote_id`, `tag_id`) VALUES
(27, 4),
(32, 27),
(33, 23),
(33, 27),
(34, 27),
(36, 27),
(37, 29),
(38, 30),
(39, 31),
(40, 32),
(41, 33),
(1, 1),
(3, 36),
(4, 34),
(5, 6),
(6, 3),
(7, 35),
(7, 36),
(8, 23),
(23, 37),
(24, 38),
(25, 32),
(30, 4),
(30, 23),
(29, 40),
(29, 39),
(28, 36),
(26, 41),
(35, 28),
(35, 27),
(2, 4),
(42, 42);

-- --------------------------------------------------------

--
-- Δομή πίνακα για τον πίνακα `tags`
--

CREATE TABLE `tags` (
  `id` int(11) NOT NULL,
  `title` tinytext NOT NULL
) ENGINE=InnoDB DEFAULT CHARSET=utf8mb4;

--
-- Άδειασμα δεδομένων του πίνακα `tags`
--

INSERT INTO `tags` (`id`, `title`) VALUES
(1, 'θάνατος'),
(3, 'χρήμα'),
(4, 'γυναίκα'),
(5, 'βλακεία'),
(6, 'γάμος'),
(8, 'σεξ'),
(9, 'μουσική'),
(22, 'βιβλίο'),
(23, 'ευτυχία'),
(27, 'φιλοσοφία'),
(28, 'θυμός'),
(29, 'φαντασία'),
(30, 'θρησκεία'),
(31, 'ελευθερία'),
(32, 'σχολείο'),
(33, 'ψέμα'),
(34, 'αισιοδοξία'),
(35, 'κράτος'),
(36, 'πολιτική'),
(37, 'θεός'),
(38, 'φιλαργυρία'),
(39, 'υπολογιστές'),
(40, 'τεχνολογία'),
(41, 'ηλιθιότητα'),
(42, 'προγραμματισμός');

--
-- Ευρετήρια για άχρηστους πίνακες
--

--
-- Ευρετήρια για πίνακα `author`
--
ALTER TABLE `author`
  ADD PRIMARY KEY (`id`);

--
-- Ευρετήρια για πίνακα `quotes`
--
ALTER TABLE `quotes`
  ADD PRIMARY KEY (`id`);

--
-- Ευρετήρια για πίνακα `tags`
--
ALTER TABLE `tags`
  ADD PRIMARY KEY (`id`);

--
-- AUTO_INCREMENT για άχρηστους πίνακες
--

--
-- AUTO_INCREMENT για πίνακα `author`
--
ALTER TABLE `author`
  MODIFY `id` int(11) NOT NULL AUTO_INCREMENT, AUTO_INCREMENT=28;

--
-- AUTO_INCREMENT για πίνακα `quotes`
--
ALTER TABLE `quotes`
  MODIFY `id` int(11) NOT NULL AUTO_INCREMENT, AUTO_INCREMENT=43;

--
-- AUTO_INCREMENT για πίνακα `tags`
--
ALTER TABLE `tags`
  MODIFY `id` int(11) NOT NULL AUTO_INCREMENT, AUTO_INCREMENT=43;
COMMIT;

/*!40101 SET CHARACTER_SET_CLIENT=@OLD_CHARACTER_SET_CLIENT */;
/*!40101 SET CHARACTER_SET_RESULTS=@OLD_CHARACTER_SET_RESULTS */;
/*!40101 SET COLLATION_CONNECTION=@OLD_COLLATION_CONNECTION */;
